from: arjun email: arjun@test.com 
from: karan email: karan@test.com 
from: kamila email: kamila@test.com 
arjun email: arjun@test.com 
from: karan email: karan@test.com 
from: kamila email: kamila@test.com 
walter email: walter@test.com 
jesse email: jesse@test.com 
arjun email: arjun@test.com 
karan email: karan@test.com 
from: kamila email: kamila@test.com 
walter email: walter@test.com 
jesse email: jesse@test.com 
from: walter email: walter@test.com 
jesse email: jesse@test.com 
oberoi email: oberoi@test.com 
milkha email: milkha@test.com 
ritesh email: ritesh@test.com 
blisse email: blisse@test.com 
summer email: summer@test.com 
from: sam email: sam@test.com 

